{
  "optimalVoltage": 12,
  "wheelGripCoefficientOfFriction": 1.0,
  "currentLimit": {
    "drive": 40,
    "angle": 20
  },
  "conversionFactor": {
    "angle": 6.0704141305645065043561284162788,
    "drive": 0.047853945068174364
  },
  "rampRate": {
    "drive": 0.25,
    "angle": 0.25
  }
}